i; Xi; f(Xi); S; Lambda; |Xi - Xi-1|; |Yi - Yi-1|; |fi - fi-1|; Angel above X and S; Gradient; Eta 1 stroka; Eta 2 stroka
0; -3.000000 4.000000; 4916.000000; 1455.191523 -1364.242053; 0.002483; ; ; ; ; -1455.191523 1364.242053; 1.000000 0.000000; 0.000000 1.000000
1; 0.613932 0.611939; 0.149446; 0.374810 0.399577; 0.741423; 3.613932; 3.388061; 4915.850554; 2.967449; -0.374700 -0.399680; 0.469371 0.497739; 0.497739 0.533112
2; 0.891825 0.908195; 0.038501; 3.488182 -3.270995; 0.002498; 0.277893; 0.296256; 0.110945; 0.033598; -3.488182 3.270995; 1.000000 0.000000; 0.000000 1.000000
3; 0.900538 0.900024; 0.009919; 0.099137 0.099677; 1.003124; 0.008713; 0.008171; 0.028582; 1.547770; -0.096277 -0.102522; 0.498610 0.498745; 0.498745 0.503886
4; 0.999985 1.000013; 0.000000; 0.005708 -0.005677; 0.002496; 0.099447; 0.099989; 0.009919; 0.003001; -0.005708 0.005677; 1.000000 0.000000; 0.000000 1.000000
5; 0.999999 0.999999; 0.000000; ; ; 0.000014; 0.000014; 0.000000; 1.568094; -0.000001 -0.000001
