i; Xi; f(Xi); S; Lambda; |Xi - Xi-1|; |Yi - Yi-1|; |fi - fi-1|; Angel above X and S; Gradient
0; 4.000000 -7.000000; 12109.000000; -2182.787284 2182.787284; ; ; ; ; ; 2182.787284 -2182.787284
1; -1.493766 -1.506234; 6.234414; 2.395348 2.489634; 0.002517; 5.493766; 5.493766; 12102.765586; 2.875341; -2.398082 -2.486900
2; 0.707952 0.782147; 0.635787; 107.216494 80.587716; 0.919164; 2.201717; 2.288382; 5.598627; 3.126450; -15.409896 14.832580
3; 1.005755 1.005986; 0.000038; 0.034802 -0.046302; 0.002778; 0.297803; 0.223839; 0.635748; 0.190602; -0.034802 0.046302
4; 1.005843 1.005868; 0.000034; -0.005945 -0.005970; 0.002548; 0.000089; 0.000118; 0.000004; 1.711765; 0.006666 0.005010
5; 1.000000 1.000000; 0.000000; 0.000089 -0.000091; 0.982893; 0.005843; 0.005868; 0.000034; 3.139503; -0.000090 0.000090
